image|parts|damages|suggestions
1.jpg|[11]|[1]|[1]
2.jpg|[34]|[1]|[1]
3.jpg|[33]|[5]|[1]
4.jpg|[40]|[6]|[1]
5.jpg|[32]|[6]|[2]
6.jpg|[34]|[5]|[1]
7.jpg|[31]|[6]|[2]
8.jpg|[31]|[6]|[2]
9.jpg|[3, 12, 31, 9, 15]|[2, 2, 6, 6, 6]|[1, 1, 2, 2, 2]
10.jpg|[31]|[6]|[2]
11.jpg|[34]|[5]|[1]
12.jpg|[9]|[6]|[2]
13.jpg|[10]|[6]|[2]
14.jpg|[34]|[1]|[1]
15.jpg|[9, 33, 11, 15]|[6, 6, 6, 6]|[2, 1, 1, 2]
16.jpg|[11]|[1]|[1]
17.jpg|[37, 13]|[5, 5]|[1, 1]
18.jpg|[9, 33, 15]|[6, 6, 6]|[2, 2, 2]
19.jpg|[32]|[6]|[2]
20.jpg|[36, 12, 25]|[1, 1, 1]|[1, 1, 1]
21.jpg|[11, 3, 33, 9]|[1, 1, 3, 6]|[1, 1, 2, 2]
22.jpg|[33]|[4]|[1]
23.jpg|[33]|[1]|[1]
24.jpg|[40]|[6]|[2]
25.jpg|[11]|[2]|[1]
26.jpg|[9, 11, 33]|[6, 6, 6]|[2, 1, 1]
27.jpg|[40]|[6]|[1]
28.jpg|[36, 12]|[5, 5]|[1, 1]
29.jpg|[33, 9]|[2, 6]|[1, 2]
30.jpg|[3, 11, 33, 9]|[1, 2, 4, 6]|[1, 1, 1, 2]
31.jpg|[33]|[5]|[1]
32.jpg|[36, 12, 16]|[5, 5, 6]|[1, 1, 2]
33.jpg|[12]|[5]|[1]
34.jpg|[34]|[5]|[1]
35.jpg|[31]|[6]|[2]
36.jpg|[40]|[6]|[1]
37.jpg|[33]|[6]|[1]
38.jpg|[32]|[6]|[2]
39.jpg|[33]|[5]|[1]
40.jpg|[25]|[2]|[1]
41.jpg|[3, 9]|[1, 6]|[1, 2]
42.jpg|[33]|[5]|[1]
43.jpg|[33]|[5]|[1]
44.jpg|[34, 13]|[1, 1]|[1, 1]
45.jpg|[38]|[1]|[1]
46.jpg|[11, 33]|[1, 5]|[1, 1]
47.jpg|[40]|[6]|[1]
48.jpg|[33]|[5]|[1]
49.jpg|[48]|[6]|[2]
50.jpg|[31]|[6]|[2]
51.jpg|[40]|[6]|[1]
52.jpg|[33]|[1]|[1]
53.jpg|[33, 9]|[5, 6]|[1, 2]
54.jpg|[12]|[5]|[1]
55.jpg|[31]|[6]|[2]
56.jpg|[34]|[1]|[1]
57.jpg|[35, 37]|[1, 1]|[1, 1]
58.jpg|[11]|[5]|[1]
59.jpg|[31]|[6]|[2]
60.jpg|[12, 3, 8, 33]|[2, 2, 6, 6]|[1, 1, 2, 1]
61.jpg|[12, 33]|[1, 6]|[1, 1]
62.jpg|[9]|[6]|[2]
63.jpg|[33]|[5]|[1]
64.jpg|[12]|[1]|[1]
65.jpg|[12, 33]|[1, 1]|[1, 1]
66.jpg|[31]|[6]|[2]
67.jpg|[33, 1]|[6, 6]|[1, 2]
68.jpg|[31]|[6]|[2]
69.jpg|[34]|[5]|[1]
70.jpg|[9]|[6]|[2]
71.jpg|[34]|[5]|[1]
72.jpg|[11]|[1]|[1]
73.jpg|[3, 31]|[1, 6]|[1, 2]
74.jpg|[34]|[5]|[1]
75.jpg|[12, 33]|[2, 3]|[1, 1]
76.jpg|[34]|[1]|[1]
77.jpg|[34]|[5]|[1]
78.jpg|[3, 33, 12]|[1, 1, 2]|[1, 1, 1]
79.jpg|[36, 38]|[2, 2]|[1, 1]
80.jpg|[9]|[6]|[2]
81.jpg|[34]|[5]|[1]
82.jpg|[31]|[6]|[2]
83.jpg|[34]|[1]|[1]
84.jpg|[12, 40]|[2, 6]|[1, 1]
85.jpg|[33]|[3]|[1]
86.jpg|[33]|[5]|[1]
87.jpg|[11]|[5]|[1]
88.jpg|[34]|[5]|[1]
89.jpg|[11]|[1]|[1]
90.jpg|[14, 34, 21, 20]|[1, 1, 2, 6]|[1, 1, 1, 1]
91.jpg|[31]|[6]|[2]
92.jpg|[34, 20]|[2, 6]|[1, 2]
93.jpg|[36]|[5]|[1]
94.jpg|[31]|[6]|[2]
95.jpg|[33]|[6]|[1]
96.jpg|[11]|[1]|[1]
97.jpg|[12, 3, 39, 33]|[1, 2, 4, 6]|[1, 1, 2, 1]
98.jpg|[37, 11]|[1, 5]|[1, 1]
99.jpg|[31]|[6]|[2]
100.jpg|[11, 9, 33]|[2, 6, 6]|[1, 2, 1]
101.jpg|[33]|[1]|[1]
102.jpg|[34]|[4]|[1]
103.jpg|[33]|[5]|[1]
104.jpg|[34]|[5]|[1]
105.jpg|[45]|[6]|[2]
106.jpg|[11, 25, 35]|[1, 1, 2]|[1, 1, 1]
107.jpg|[40]|[6]|[1]
108.jpg|[33]|[4]|[1]
109.jpg|[14, 25]|[1, 1]|[1, 1]
110.jpg|[35]|[5]|[1]
111.jpg|[33, 11]|[5, 5]|[1, 1]
112.jpg|[24, 38]|[1, 5]|[1, 1]
113.jpg|[10, 33, 2]|[6, 6, 6]|[2, 1, 2]
114.jpg|[33]|[1]|[1]
115.jpg|[31]|[6]|[2]
116.jpg|[20, 34]|[6, 6]|[2, 2]
117.jpg|[13, 34, 19]|[2, 3, 6]|[1, 1, 2]
118.jpg|[33]|[5]|[1]
119.jpg|[34]|[5]|[1]
120.jpg|[13, 34]|[1, 5]|[1, 1]
121.jpg|[10]|[6]|[2]
122.jpg|[33, 11, 3, 9]|[1, 1, 2, 6]|[1, 1, 1, 2]
123.jpg|[11]|[1]|[1]
124.jpg|[46]|[6]|[2]
125.jpg|[45]|[6]|[2]
126.jpg|[3]|[2]|[2]
127.jpg|[31]|[6]|[2]
128.jpg|[12, 33, 3, 10]|[1, 1, 1, 6]|[1, 1, 1, 2]
129.jpg|[33]|[6]|[1]
130.jpg|[36, 25]|[1, 1]|[1, 1]
131.jpg|[35]|[5]|[1]
132.jpg|[34]|[1]|[1]
133.jpg|[34]|[5]|[1]
134.jpg|[32]|[5]|[1]
135.jpg|[34, 14, 20]|[1, 2, 6]|[1, 1, 2]
136.jpg|[33]|[1]|[1]
137.jpg|[33]|[6]|[1]
138.jpg|[14]|[1]|[1]
139.jpg|[11]|[1]|[1]
140.jpg|[31]|[6]|[2]
141.jpg|[31]|[6]|[2]
142.jpg|[12, 3, 33, 10]|[1, 1, 4, 6]|[1, 1, 2, 2]
143.jpg|[52]|[6]|[2]
144.jpg|[9]|[6]|[2]
145.jpg|[38, 14]|[5, 5]|[1, 1]
146.jpg|[14]|[5]|[1]
147.jpg|[31]|[6]|[2]
148.jpg|[40]|[6]|[1]
149.jpg|[34]|[5]|[1]
150.jpg|[33]|[5]|[1]
151.jpg|[12]|[1]|[1]
152.jpg|[38, 14]|[5, 5]|[1, 1]
153.jpg|[3, 12, 33, 10]|[1, 2, 3, 6]|[1, 2, 1, 2]
154.jpg|[36, 25, 11]|[1, 1, 2]|[1, 1, 2]
155.jpg|[14]|[1]|[1]
156.jpg|[40]|[6]|[1]
157.jpg|[31]|[6]|[2]
158.jpg|[33, 9]|[3, 6]|[1, 2]
159.jpg|[40]|[6]|[1]
160.jpg|[33]|[5]|[1]
161.jpg|[37, 13]|[1, 1]|[1, 1]
162.jpg|[33]|[1]|[1]
163.jpg|[37]|[1]|[1]
164.jpg|[34]|[1]|[1]
165.jpg|[33]|[1]|[1]
166.jpg|[11]|[5]|[1]
167.jpg|[46]|[6]|[2]
168.jpg|[34]|[1]|[1]
169.jpg|[21]|[1]|[1]
170.jpg|[31]|[6]|[2]
171.jpg|[46]|[6]|[2]
172.jpg|[34]|[1]|[1]
173.jpg|[3, 33, 10, 39]|[2, 6, 6, 6]|[2, 2, 2, 2]
174.jpg|[12, 33, 40]|[1, 5, 6]|[1, 1, 1]
175.jpg|[33]|[5]|[1]
176.jpg|[3, 12, 33, 39]|[2, 3, 3, 3]|[2, 2, 2, 2]
177.jpg|[34]|[5]|[1]
178.jpg|[38, 25, 14, 34]|[1, 1, 1, 1]|[1, 1, 1, 1]
179.jpg|[33]|[5]|[1]
180.jpg|[10]|[6]|[2]
181.jpg|[31]|[6]|[2]
182.jpg|[33, 3]|[3, 5]|[2, 1]
183.jpg|[11]|[1]|[1]
184.jpg|[31]|[6]|[2]
185.jpg|[11, 33]|[1, 5]|[1, 1]
186.jpg|[34]|[1]|[1]
187.jpg|[33]|[4]|[1]
188.jpg|[40]|[6]|[1]
189.jpg|[33]|[5]|[1]
190.jpg|[14]|[1]|[1]
191.jpg|[34]|[1]|[1]
192.jpg|[34]|[1]|[1]
193.jpg|[33]|[5]|[1]
194.jpg|[35]|[1]|[1]
195.jpg|[3, 43, 31]|[1, 2, 6]|[1, 1, 2]
196.jpg|[3, 33, 39]|[2, 4, 4]|[1, 2, 2]
197.jpg|[31]|[6]|[2]
198.jpg|[11, 33]|[1, 1]|[1, 1]
199.jpg|[36]|[5]|[1]
200.jpg|[34]|[5]|[1]
201.jpg|[33]|[5]|[1]
202.jpg|[19]|[6]|[2]
203.jpg|[21]|[1]|[1]
204.jpg|[21]|[5]|[1]
205.jpg|[36]|[2]|[2]
206.jpg|[31]|[6]|[2]
207.jpg|[12]|[5]|[1]
208.jpg|[31]|[6]|[2]
209.jpg|[34]|[5]|[1]
210.jpg|[14, 34]|[5, 5]|[1, 1]
211.jpg|[33, 11]|[1, 3]|[1, 1]
212.jpg|[47]|[6]|[2]
213.jpg|[36]|[2]|[2]
214.jpg|[20]|[6]|[2]
215.jpg|[36]|[1]|[1]
216.jpg|[21]|[1]|[1]
217.jpg|[34]|[5]|[1]
218.jpg|[14]|[1]|[1]
219.jpg|[38, 36, 25]|[1, 2, 2]|[1, 2, 1]
220.jpg|[34]|[1]|[1]
221.jpg|[12, 40]|[3, 6]|[2, 2]
222.jpg|[36]|[1]|[1]
223.jpg|[35]|[5]|[1]
224.jpg|[31]|[6]|[2]
225.jpg|[33]|[5]|[1]
226.jpg|[9]|[6]|[2]
227.jpg|[40]|[6]|[1]
228.jpg|[36]|[5]|[1]
229.jpg|[12, 33, 40]|[1, 3, 6]|[1, 1, 1]
230.jpg|[10]|[6]|[2]
231.jpg|[33, 11]|[1, 1]|[1, 1]
232.jpg|[33]|[5]|[1]
233.jpg|[33]|[5]|[1]
234.jpg|[20]|[6]|[2]
235.jpg|[33]|[1]|[1]
236.jpg|[11]|[1]|[1]
237.jpg|[40]|[6]|[1]
238.jpg|[13]|[5]|[1]
239.jpg|[12, 10]|[1, 6]|[1, 2]
240.jpg|[14, 40]|[1, 6]|[1, 1]
241.jpg|[33, 3, 11, 9]|[1, 1, 2, 6]|[1, 1, 2, 2]
242.jpg|[34, 13, 37, 25]|[1, 1, 1, 1]|[1, 1, 1, 1]
243.jpg|[47]|[6]|[2]
244.jpg|[11]|[1]|[1]
245.jpg|[33, 12, 3, 8, 10]|[1, 1, 1, 3, 6]|[1, 1, 1, 2, 2]
246.jpg|[11]|[5]|[1]
247.jpg|[31]|[6]|[2]
248.jpg|[33]|[5]|[1]
249.jpg|[33, 12]|[5, 5]|[1, 1]
250.jpg|[12, 33]|[1, 5]|[1, 1]
251.jpg|[33, 3, 11, 9]|[1, 1, 1, 6]|[1, 1, 1, 2]
252.jpg|[38]|[1]|[1]
253.jpg|[33]|[6]|[2]
254.jpg|[12, 33]|[1, 1]|[1, 1]
255.jpg|[33]|[5]|[1]
256.jpg|[14]|[1]|[1]
257.jpg|[33]|[5]|[1]
258.jpg|[13, 34, 19]|[1, 3, 6]|[1, 1, 2]
259.jpg|[40]|[6]|[1]
260.jpg|[32]|[6]|[2]
261.jpg|[38]|[1]|[1]
262.jpg|[13, 37]|[1, 1]|[1, 1]
263.jpg|[37, 35, 25]|[1, 1, 1]|[1, 1, 1]
264.jpg|[12]|[1]|[1]
265.jpg|[33]|[5]|[1]
266.jpg|[52]|[6]|[2]
267.jpg|[10, 33]|[6, 6]|[2, 2]
268.jpg|[19]|[6]|[2]
269.jpg|[13, 37]|[1, 1]|[1, 1]
270.jpg|[32]|[6]|[2]
271.jpg|[40]|[6]|[1]
272.jpg|[31]|[6]|[2]
273.jpg|[45]|[6]|[2]
274.jpg|[40, 11, 33]|[6, 6, 6]|[2, 2, 1]
275.jpg|[20]|[6]|[2]
276.jpg|[12, 10, 33]|[1, 6, 6]|[1, 2, 2]
277.jpg|[33]|[5]|[1]
278.jpg|[32]|[6]|[2]
279.jpg|[33]|[4]|[1]
280.jpg|[34]|[5]|[1]
281.jpg|[34, 13]|[1, 1]|[1, 1]
282.jpg|[40]|[6]|[1]
283.jpg|[13, 34, 19]|[1, 1, 6]|[1, 1, 2]
284.jpg|[14]|[1]|[1]
285.jpg|[34]|[1]|[1]
286.jpg|[31]|[6]|[2]
287.jpg|[40]|[6]|[2]
288.jpg|[12, 33]|[1, 4]|[1, 1]
289.jpg|[33]|[5]|[1]
290.jpg|[33]|[5]|[1]
291.jpg|[33]|[5]|[1]
292.jpg|[11, 33]|[1, 5]|[1, 1]
293.jpg|[33, 12]|[1, 1]|[1, 1]
294.jpg|[40]|[6]|[1]
295.jpg|[33]|[5]|[1]
296.jpg|[35]|[5]|[1]
297.jpg|[11, 3]|[1, 1]|[1, 1]
298.jpg|[33]|[5]|[1]
299.jpg|[34, 20]|[5, 6]|[1, 2]
300.jpg|[36]|[1]|[1]
301.jpg|[19]|[6]|[2]
302.jpg|[33]|[6]|[2]
303.jpg|[34]|[6]|[1]
304.jpg|[33]|[5]|[1]
305.jpg|[33]|[5]|[1]
306.jpg|[20]|[6]|[2]
307.jpg|[31]|[6]|[2]
308.jpg|[14]|[4]|[1]
309.jpg|[21]|[1]|[1]
310.jpg|[33]|[5]|[1]
311.jpg|[31]|[6]|[2]
312.jpg|[34]|[1]|[1]
313.jpg|[12, 36]|[5, 5]|[1, 1]
314.jpg|[38, 36]|[1, 2]|[1, 1]
315.jpg|[36, 38]|[1, 1]|[1, 1]
316.jpg|[36, 38]|[1, 1]|[1, 1]
317.jpg|[12, 36, 16]|[1, 2, 3]|[1, 2, 2]
318.jpg|[34]|[4]|[1]
319.jpg|[33]|[1]|[1]
320.jpg|[12, 33, 10]|[1, 3, 6]|[1, 1, 2]
321.jpg|[36, 40, 48, 52]|[1, 3, 6, 6]|[1, 2, 2, 2]
322.jpg|[33, 40]|[5, 6]|[1, 1]
323.jpg|[34]|[1]|[1]
324.jpg|[14]|[1]|[1]
325.jpg|[12, 33]|[2, 6]|[1, 1]
326.jpg|[13, 19]|[5, 6]|[1, 2]
327.jpg|[35, 25, 13]|[1, 1, 1]|[1, 1, 1]
328.jpg|[47]|[6]|[2]
329.jpg|[12, 33]|[2, 3]|[2, 1]
330.jpg|[11]|[1]|[1]
331.jpg|[33]|[1]|[1]
332.jpg|[36, 25]|[1, 1]|[1, 1]
333.jpg|[34, 21]|[1, 1]|[1, 1]
334.jpg|[33, 9]|[1, 6]|[1, 2]
335.jpg|[34]|[5]|[1]
336.jpg|[34]|[6]|[2]
337.jpg|[32]|[6]|[2]
338.jpg|[25, 35]|[1, 2]|[1, 1]
339.jpg|[13, 34, 19]|[1, 2, 6]|[1, 2, 2]
340.jpg|[19]|[6]|[2]
341.jpg|[12]|[1]|[1]
342.jpg|[40]|[6]|[1]
343.jpg|[14]|[1]|[1]
344.jpg|[33]|[5]|[1]
345.jpg|[38, 25]|[1, 1]|[1, 1]
346.jpg|[33, 12]|[1, 6]|[1, 2]
347.jpg|[11]|[1]|[1]
348.jpg|[12]|[1]|[2]
349.jpg|[34]|[1]|[1]
350.jpg|[35, 25]|[5, 5]|[1, 1]
351.jpg|[34]|[5]|[1]
352.jpg|[13]|[1]|[1]
353.jpg|[31]|[6]|[2]
354.jpg|[33]|[5]|[1]
355.jpg|[35, 37]|[1, 1]|[1, 1]
356.jpg|[20]|[6]|[2]
357.jpg|[36]|[2]|[2]
358.jpg|[34, 18]|[1, 6]|[1, 2]
359.jpg|[33]|[5]|[1]
360.jpg|[34]|[5]|[1]
361.jpg|[33]|[5]|[1]
362.jpg|[34]|[5]|[1]
363.jpg|[12, 33, 40]|[1, 2, 3]|[1, 2, 2]
364.jpg|[33]|[5]|[1]
365.jpg|[34]|[5]|[1]
366.jpg|[37, 11, 35]|[1, 1, 2]|[1, 1, 2]
367.jpg|[36]|[1]|[1]
368.jpg|[11, 3, 33, 9]|[1, 1, 5, 6]|[1, 1, 1, 2]
369.jpg|[33, 3, 10]|[1, 1, 6]|[1, 1, 2]
370.jpg|[34, 21]|[4, 5]|[1, 1]
371.jpg|[34]|[5]|[1]
372.jpg|[40]|[6]|[1]
373.jpg|[14]|[5]|[1]
374.jpg|[34, 14, 20]|[1, 1, 6]|[1, 1, 2]
375.jpg|[31]|[6]|[2]
376.jpg|[11, 33]|[1, 4]|[1, 1]
377.jpg|[34]|[4]|[1]
378.jpg|[13, 37]|[5, 5]|[1, 1]
379.jpg|[33, 11, 9]|[1, 1, 6]|[1, 1, 2]
380.jpg|[33, 12, 3, 10]|[1, 1, 1, 6]|[1, 1, 1, 2]
381.jpg|[37, 35, 13]|[5, 5, 5]|[1, 1, 1]
382.jpg|[40]|[6]|[1]
383.jpg|[33]|[4]|[1]
384.jpg|[33]|[6]|[2]
385.jpg|[31]|[6]|[2]
386.jpg|[10]|[6]|[2]
387.jpg|[34]|[1]|[1]
388.jpg|[34, 19]|[5, 6]|[1, 2]
389.jpg|[14]|[5]|[1]
390.jpg|[3]|[1]|[1]
391.jpg|[34]|[4]|[1]
392.jpg|[12, 36]|[1, 1]|[1, 1]
393.jpg|[31]|[6]|[2]
394.jpg|[34, 23]|[5, 6]|[1, 2]
395.jpg|[33, 1]|[1, 3]|[1, 2]
396.jpg|[34, 21]|[2, 2]|[1, 1]
397.jpg|[31]|[6]|[2]
398.jpg|[33, 3, 12, 10]|[1, 1, 1, 6]|[1, 1, 1, 2]
399.jpg|[31]|[6]|[2]
400.jpg|[31]|[6]|[2]
401.jpg|[40]|[6]|[1]
402.jpg|[32]|[1]|[1]
403.jpg|[14, 38]|[1, 1]|[1, 1]
404.jpg|[14, 38]|[1, 1]|[1, 1]
405.jpg|[13, 37]|[1, 5]|[1, 1]
406.jpg|[34, 19]|[1, 6]|[1, 2]
407.jpg|[21, 34]|[1, 6]|[1, 1]
408.jpg|[40]|[6]|[1]
409.jpg|[11, 33, 9]|[2, 6, 6]|[2, 1, 2]
410.jpg|[11, 33]|[3, 5]|[1, 1]
411.jpg|[33]|[5]|[1]
412.jpg|[31]|[6]|[2]
413.jpg|[31]|[6]|[2]
414.jpg|[38, 14]|[1, 1]|[1, 1]
415.jpg|[11, 9, 33]|[2, 6, 6]|[2, 2, 1]
416.jpg|[31]|[6]|[2]
417.jpg|[31]|[6]|[2]
418.jpg|[31]|[6]|[2]
419.jpg|[14, 38, 25]|[1, 1, 1]|[1, 1, 1]
420.jpg|[34, 19]|[5, 6]|[1, 2]
421.jpg|[34]|[6]|[1]
422.jpg|[37, 13]|[1, 1]|[1, 1]
423.jpg|[34]|[4]|[1]
424.jpg|[40]|[6]|[1]
425.jpg|[31]|[6]|[2]
426.jpg|[12, 33]|[1, 5]|[1, 1]
427.jpg|[12]|[5]|[1]
428.jpg|[33]|[3]|[1]
429.jpg|[40]|[6]|[1]
430.jpg|[31]|[6]|[2]
431.jpg|[36]|[5]|[1]
432.jpg|[38, 14]|[2, 2]|[2, 1]
433.jpg|[47]|[6]|[2]
434.jpg|[20]|[6]|[2]
435.jpg|[33]|[5]|[1]
436.jpg|[3, 31, 7]|[1, 6, 6]|[1, 2, 2]
437.jpg|[11]|[2]|[1]
438.jpg|[13, 37]|[1, 5]|[1, 1]
439.jpg|[31]|[6]|[2]
440.jpg|[31]|[6]|[2]
441.jpg|[13, 37, 35, 25]|[1, 1, 1, 1]|[1, 1, 1, 1]
442.jpg|[3, 33, 9]|[1, 3, 6]|[1, 1, 2]
443.jpg|[33, 40]|[5, 6]|[1, 1]
444.jpg|[33]|[5]|[1]
445.jpg|[10]|[6]|[2]
446.jpg|[37, 13]|[1, 5]|[1, 1]
447.jpg|[48]|[6]|[2]
448.jpg|[33]|[5]|[1]
449.jpg|[47]|[6]|[1]
450.jpg|[35, 37]|[1, 1]|[1, 1]
451.jpg|[31]|[6]|[2]
452.jpg|[33]|[5]|[1]
453.jpg|[33]|[5]|[1]
454.jpg|[12, 3, 10]|[1, 1, 6]|[1, 1, 2]
455.jpg|[31]|[6]|[2]
456.jpg|[12, 36]|[5, 5]|[1, 1]
457.jpg|[11, 35, 40]|[1, 1, 6]|[1, 1, 1]
458.jpg|[14, 38, 25]|[1, 1, 1]|[1, 1, 1]
459.jpg|[14, 38]|[1, 1]|[1, 1]
460.jpg|[11, 35, 9]|[1, 2, 6]|[1, 2, 2]
461.jpg|[33, 3, 10, 39]|[1, 1, 6, 6]|[1, 1, 2, 2]
462.jpg|[9]|[6]|[2]
463.jpg|[34]|[1]|[1]
464.jpg|[31]|[6]|[2]
465.jpg|[31]|[6]|[2]
466.jpg|[34]|[1]|[1]
467.jpg|[33]|[5]|[1]
468.jpg|[40]|[6]|[1]
469.jpg|[31]|[6]|[2]
470.jpg|[35]|[1]|[1]
471.jpg|[33]|[5]|[1]
472.jpg|[31]|[6]|[2]
473.jpg|[37, 13, 25]|[1, 1, 1]|[1, 1, 1]
474.jpg|[14, 34]|[1, 5]|[1, 1]
475.jpg|[31]|[6]|[2]
476.jpg|[14, 34]|[1, 5]|[1, 1]
477.jpg|[33]|[5]|[1]
478.jpg|[33, 12, 2, 10]|[1, 1, 6, 6]|[1, 1, 2, 2]
479.jpg|[37]|[5]|[1]
480.jpg|[31]|[6]|[2]
481.jpg|[20]|[6]|[2]
482.jpg|[34]|[5]|[1]
483.jpg|[36, 12]|[1, 1]|[1, 1]
484.jpg|[38]|[5]|[1]
485.jpg|[31]|[6]|[2]
486.jpg|[33]|[4]|[1]
487.jpg|[38, 14]|[1, 1]|[1, 1]
488.jpg|[21]|[1]|[1]
489.jpg|[32]|[6]|[2]
490.jpg|[34, 14, 21, 20]|[1, 1, 2, 6]|[1, 1, 1, 2]
491.jpg|[19]|[6]|[2]
492.jpg|[35, 11]|[1, 2]|[1, 1]
493.jpg|[33]|[4]|[1]
494.jpg|[34]|[1]|[1]
495.jpg|[34]|[5]|[1]
496.jpg|[33]|[5]|[1]
497.jpg|[34]|[5]|[1]
498.jpg|[34]|[5]|[1]
499.jpg|[34]|[1]|[1]
500.jpg|[20]|[6]|[1]
501.jpg|[11, 9, 3, 33, 15]|[1, 1, 1, 5, 6]|[1, 2, 1, 1, 2]
502.jpg|[34]|[5]|[1]
503.jpg|[10]|[6]|[2]
504.jpg|[9]|[6]|[2]
505.jpg|[31]|[6]|[2]
506.jpg|[34, 20]|[3, 6]|[1, 2]
507.jpg|[9]|[6]|[2]
508.jpg|[33, 12, 3, 10]|[1, 1, 1, 6]|[1, 1, 1, 2]
509.jpg|[31]|[6]|[2]
510.jpg|[3, 39]|[1, 6]|[1, 2]
511.jpg|[51, 40]|[6, 6]|[2, 2]
512.jpg|[40]|[6]|[1]
513.jpg|[3]|[1]|[1]
514.jpg|[34]|[1]|[1]
515.jpg|[11, 3, 33, 9]|[1, 1, 4, 6]|[1, 1, 1, 2]
516.jpg|[31]|[6]|[2]
517.jpg|[38, 36, 25]|[5, 5, 5]|[1, 1, 1]
518.jpg|[34]|[5]|[1]
519.jpg|[33]|[5]|[1]
520.jpg|[14, 20]|[4, 6]|[1, 2]
521.jpg|[40]|[6]|[1]
522.jpg|[33, 33, 40]|[3, 5, 6]|[1, 1, 1]
523.jpg|[25, 36]|[1, 5]|[1, 1]
524.jpg|[40]|[6]|[1]
525.jpg|[33]|[5]|[1]
526.jpg|[25, 37, 35]|[5, 6, 6]|[1, 2, 1]
527.jpg|[34, 14]|[1, 1]|[1, 1]
528.jpg|[33, 12, 10]|[1, 1, 6]|[1, 1, 2]
529.jpg|[36, 14, 25]|[1, 1, 2]|[1, 1, 1]
530.jpg|[38, 14]|[1, 1]|[1, 1]
531.jpg|[20]|[6]|[2]
532.jpg|[33]|[1]|[1]
533.jpg|[12, 3, 10, 33]|[1, 1, 6, 6]|[1, 1, 2, 2]
534.jpg|[33, 12]|[5, 5]|[1, 1]
535.jpg|[33]|[5]|[1]
536.jpg|[11, 9, 33]|[6, 6, 6]|[2, 2, 1]
537.jpg|[9, 33]|[6, 6]|[2, 1]
538.jpg|[33, 11, 15]|[1, 1, 6]|[1, 1, 2]
539.jpg|[31]|[6]|[2]
540.jpg|[33]|[5]|[1]
541.jpg|[33]|[5]|[1]
542.jpg|[16, 33]|[6, 6]|[2, 1]
543.jpg|[12]|[5]|[1]
544.jpg|[21]|[1]|[1]
545.jpg|[33]|[1]|[1]
546.jpg|[35, 37, 13, 40]|[1, 1, 1, 6]|[1, 1, 1, 2]
547.jpg|[33]|[5]|[1]
548.jpg|[40]|[6]|[1]
549.jpg|[12]|[1]|[1]
550.jpg|[34]|[4]|[1]
551.jpg|[33]|[3]|[1]
552.jpg|[3, 31]|[2, 6]|[1, 2]
553.jpg|[20]|[6]|[2]
554.jpg|[33]|[5]|[1]
555.jpg|[12, 33, 40]|[1, 2, 6]|[1, 1, 2]
556.jpg|[14, 38]|[5, 5]|[1, 1]
557.jpg|[33]|[5]|[1]
558.jpg|[12, 33, 36, 40]|[1, 1, 1, 6]|[1, 1, 1, 1]
559.jpg|[12, 33]|[1, 5]|[1, 1]
560.jpg|[12]|[1]|[1]
561.jpg|[3, 31]|[2, 6]|[2, 2]
562.jpg|[25, 37, 40]|[5, 5, 6]|[1, 1, 1]
563.jpg|[31]|[6]|[2]
564.jpg|[31]|[6]|[2]
565.jpg|[33]|[5]|[1]
566.jpg|[52]|[6]|[2]
567.jpg|[40]|[6]|[1]
568.jpg|[31]|[6]|[2]
569.jpg|[34, 14]|[5, 5]|[1, 1]
570.jpg|[32]|[6]|[2]
571.jpg|[25, 31]|[1, 6]|[1, 2]
572.jpg|[12, 3, 33, 10]|[1, 1, 6, 6]|[1, 1, 2, 2]
573.jpg|[33]|[5]|[1]
574.jpg|[33]|[5]|[1]
575.jpg|[34]|[5]|[1]
576.jpg|[33]|[1]|[1]
577.jpg|[34, 20]|[5, 6]|[1, 2]
578.jpg|[21]|[2]|[1]
579.jpg|[34]|[1]|[1]
580.jpg|[13, 37]|[5, 5]|[1, 1]
581.jpg|[33]|[1]|[1]
582.jpg|[25, 36]|[1, 2]|[1, 2]
583.jpg|[3, 12, 10]|[1, 1, 6]|[1, 1, 2]
584.jpg|[12, 3, 31]|[3, 5, 6]|[2, 1, 2]
585.jpg|[33]|[3]|[1]
586.jpg|[33, 9]|[1, 6]|[1, 2]
587.jpg|[34]|[5]|[1]
588.jpg|[21]|[1]|[1]
589.jpg|[33, 40, 2]|[6, 6, 6]|[1, 1, 2]
590.jpg|[33]|[5]|[1]
591.jpg|[33]|[5]|[1]
592.jpg|[13, 35]|[1, 1]|[1, 1]
593.jpg|[33]|[5]|[1]
594.jpg|[12, 33]|[2, 3]|[1, 1]
595.jpg|[48]|[6]|[2]
596.jpg|[34, 20]|[1, 6]|[1, 2]
597.jpg|[28, 36]|[3, 5]|[2, 1]
598.jpg|[43, 25, 31]|[1, 1, 6]|[1, 1, 2]
599.jpg|[33]|[5]|[1]
600.jpg|[13]|[5]|[1]
601.jpg|[31]|[6]|[2]
602.jpg|[33, 11, 3, 9]|[2, 2, 2, 6]|[2, 1, 1, 2]
603.jpg|[40]|[6]|[1]
604.jpg|[33]|[1]|[1]
605.jpg|[34]|[1]|[1]
606.jpg|[33]|[5]|[1]
607.jpg|[8]|[5]|[1]
608.jpg|[40]|[6]|[1]
609.jpg|[19]|[6]|[2]
610.jpg|[33]|[2]|[2]
611.jpg|[3]|[1]|[1]
612.jpg|[11]|[5]|[1]
613.jpg|[31]|[6]|[2]
614.jpg|[14]|[5]|[1]
615.jpg|[33]|[5]|[1]
616.jpg|[10, 33]|[6, 6]|[2, 2]
617.jpg|[10, 33]|[6, 6]|[2, 1]
618.jpg|[33]|[5]|[1]
619.jpg|[34, 13]|[1, 1]|[1, 1]
620.jpg|[33, 11, 40]|[1, 1, 6]|[1, 1, 1]
621.jpg|[14]|[5]|[1]
622.jpg|[34, 19]|[1, 6]|[1, 2]
623.jpg|[31]|[6]|[2]
624.jpg|[14, 34]|[1, 1]|[1, 1]
625.jpg|[33, 3, 11, 9]|[1, 1, 3, 6]|[1, 1, 2, 2]
626.jpg|[33]|[5]|[1]
627.jpg|[7, 31]|[3, 6]|[2, 2]
628.jpg|[34]|[5]|[1]
629.jpg|[11, 33, 9]|[2, 5, 6]|[1, 1, 2]
630.jpg|[31]|[6]|[2]
631.jpg|[34]|[5]|[1]
632.jpg|[21, 34, 20]|[1, 6, 6]|[1, 1, 2]
633.jpg|[33, 40]|[3, 6]|[2, 2]
634.jpg|[40]|[6]|[1]
635.jpg|[11]|[1]|[1]
636.jpg|[34]|[5]|[1]
637.jpg|[14]|[5]|[1]
638.jpg|[21, 34, 13, 19, 40]|[1, 3, 3, 6, 6]|[1, 2, 2, 2, 1]
639.jpg|[33]|[6]|[1]
640.jpg|[34]|[5]|[1]
641.jpg|[51]|[6]|[2]
642.jpg|[35, 37]|[5, 5]|[1, 1]
643.jpg|[34]|[5]|[1]
644.jpg|[10]|[6]|[2]
645.jpg|[31]|[6]|[2]
646.jpg|[11, 33]|[1, 1]|[1, 1]
647.jpg|[12, 36, 25]|[1, 1, 1]|[1, 1, 1]
648.jpg|[37, 13]|[1, 1]|[1, 1]
649.jpg|[40]|[6]|[1]
650.jpg|[12, 33, 36, 31, 10, 2]|[1, 1, 1, 6, 6, 6]|[1, 1, 1, 2, 2, 2]
651.jpg|[12, 33, 10]|[1, 5, 6]|[1, 1, 2]
652.jpg|[40]|[6]|[1]
653.jpg|[37]|[1]|[1]
654.jpg|[34]|[5]|[1]
655.jpg|[38, 23, 14]|[5, 5, 5]|[1, 1, 1]
656.jpg|[14, 34, 20]|[1, 1, 6]|[1, 1, 2]
657.jpg|[31]|[5]|[1]
658.jpg|[3, 7]|[1, 3]|[1, 2]
659.jpg|[13, 34]|[1, 3]|[1, 1]
660.jpg|[35]|[5]|[1]
661.jpg|[11, 40]|[3, 6]|[2, 2]
662.jpg|[20]|[6]|[2]
663.jpg|[3, 39, 9]|[2, 5, 6]|[1, 1, 2]
664.jpg|[33, 12]|[5, 5]|[1, 1]
665.jpg|[8, 31]|[3, 6]|[2, 2]
666.jpg|[14]|[1]|[1]
667.jpg|[33]|[5]|[1]
668.jpg|[31]|[6]|[2]
669.jpg|[34]|[5]|[1]
670.jpg|[34]|[5]|[1]
671.jpg|[12, 33]|[1, 5]|[1, 1]
672.jpg|[33]|[1]|[1]
673.jpg|[33, 3, 9, 39]|[1, 2, 6, 6]|[1, 1, 2, 2]
674.jpg|[31]|[6]|[2]
675.jpg|[11, 33]|[1, 1]|[1, 1]
676.jpg|[34]|[5]|[1]
677.jpg|[14, 38, 36, 25, 30, 28]|[1, 1, 1, 1, 3, 3]|[1, 1, 1, 1, 2, 2]
678.jpg|[11]|[1]|[1]
679.jpg|[32]|[6]|[2]
680.jpg|[3, 12, 10, 33, 12]|[1, 6, 6, 6, 6]|[1, 2, 2, 2, 2]
681.jpg|[14]|[1]|[1]
682.jpg|[13]|[1]|[1]
683.jpg|[31]|[6]|[2]
684.jpg|[33, 10, 12]|[6, 6, 6]|[2, 2, 2]
685.jpg|[13]|[5]|[1]
686.jpg|[31]|[6]|[2]
687.jpg|[25, 37]|[4, 5]|[1, 1]
688.jpg|[34, 13, 21, 19, 32]|[2, 2, 2, 6, 6]|[2, 2, 2, 2, 2]
689.jpg|[33]|[5]|[1]
690.jpg|[14, 38]|[1, 1]|[1, 1]
691.jpg|[40]|[6]|[1]
692.jpg|[31]|[6]|[2]
693.jpg|[34]|[5]|[1]
694.jpg|[33]|[5]|[1]
695.jpg|[31]|[6]|[2]
696.jpg|[13]|[5]|[1]
697.jpg|[33]|[5]|[1]
698.jpg|[13, 19]|[1, 6]|[1, 1]
699.jpg|[14]|[5]|[1]
700.jpg|[33]|[5]|[1]
701.jpg|[33]|[5]|[1]
702.jpg|[38]|[5]|[1]
703.jpg|[34, 13]|[5, 5]|[1, 1]
704.jpg|[34, 14, 20]|[1, 2, 6]|[1, 1, 2]
705.jpg|[36, 23, 38]|[5, 5, 5]|[1, 1, 1]
706.jpg|[34]|[5]|[1]
707.jpg|[11, 33]|[6, 6]|[2, 2]
708.jpg|[36, 12]|[5, 5]|[1, 1]
709.jpg|[31]|[6]|[2]
710.jpg|[31]|[6]|[2]
711.jpg|[37, 35]|[5, 5]|[1, 1]
712.jpg|[33]|[5]|[1]
713.jpg|[33, 10]|[4, 4]|[1, 2]
714.jpg|[20, 34]|[4, 5]|[2, 1]
715.jpg|[11, 3, 9, 15, 39]|[1, 1, 4, 4, 6]|[1, 1, 2, 2, 2]
716.jpg|[34]|[5]|[1]
717.jpg|[34]|[4]|[1]
718.jpg|[34, 13, 20]|[1, 1, 6]|[1, 1, 2]
719.jpg|[32]|[6]|[2]
720.jpg|[12]|[1]|[1]
721.jpg|[33]|[5]|[1]
722.jpg|[33, 10]|[1, 6]|[1, 2]
723.jpg|[31]|[6]|[2]
724.jpg|[33, 2]|[5, 6]|[1, 2]
725.jpg|[11, 15]|[1, 6]|[1, 2]
726.jpg|[34]|[5]|[1]
727.jpg|[34]|[5]|[1]
728.jpg|[34]|[5]|[1]
729.jpg|[34]|[5]|[1]
730.jpg|[40]|[6]|[2]
731.jpg|[31]|[6]|[2]
732.jpg|[40]|[6]|[1]
733.jpg|[31]|[6]|[2]
734.jpg|[34]|[5]|[1]
735.jpg|[21, 34]|[1, 2]|[1, 1]
736.jpg|[12]|[1]|[1]
737.jpg|[34]|[1]|[1]
738.jpg|[40]|[6]|[1]
739.jpg|[31]|[6]|[2]
740.jpg|[12]|[1]|[1]
741.jpg|[34, 21, 13, 19]|[1, 1, 1, 6]|[1, 1, 1, 2]
742.jpg|[33]|[1]|[1]
743.jpg|[46]|[6]|[2]
744.jpg|[40]|[6]|[1]
745.jpg|[31]|[6]|[2]
746.jpg|[12, 33, 3, 10]|[1, 2, 2, 6]|[1, 2, 1, 2]
747.jpg|[40]|[6]|[1]
748.jpg|[3, 11, 33, 40, 9]|[1, 2, 2, 3, 6]|[1, 2, 1, 1, 2]
749.jpg|[11]|[1]|[1]
750.jpg|[25, 43]|[1, 1]|[1, 1]
751.jpg|[34]|[4]|[1]
752.jpg|[34]|[1]|[1]
753.jpg|[11, 3, 33, 9]|[1, 1, 6, 6]|[1, 1, 1, 2]
754.jpg|[11, 33]|[1, 1]|[1, 1]
755.jpg|[34]|[4]|[1]
756.jpg|[12, 33, 36, 10]|[1, 1, 1, 6]|[1, 1, 1, 2]
757.jpg|[34]|[1]|[1]
758.jpg|[33, 11, 1]|[3, 3, 6]|[1, 1, 2]
759.jpg|[34]|[5]|[1]
760.jpg|[31]|[6]|[2]
761.jpg|[33]|[1]|[1]
762.jpg|[3, 11, 33, 9]|[1, 2, 2, 6]|[1, 2, 2, 2]
763.jpg|[11]|[1]|[1]
764.jpg|[11, 33]|[1, 5]|[1, 1]
765.jpg|[3, 33]|[1, 1]|[1, 1]
766.jpg|[12, 33]|[1, 5]|[1, 1]
767.jpg|[33]|[3]|[1]
768.jpg|[40]|[6]|[1]
769.jpg|[37, 25, 13]|[5, 5, 5]|[1, 1, 1]
770.jpg|[37]|[1]|[1]
771.jpg|[37]|[1]|[1]
772.jpg|[31]|[6]|[1]
773.jpg|[36]|[5]|[1]
774.jpg|[34]|[5]|[1]
775.jpg|[31]|[6]|[1]
776.jpg|[34]|[4]|[1]
777.jpg|[34, 34, 19]|[1, 5, 6]|[1, 1, 2]
778.jpg|[34, 20]|[1, 6]|[1, 2]
779.jpg|[34]|[1]|[1]
780.jpg|[11]|[5]|[1]
781.jpg|[34]|[5]|[1]
782.jpg|[13, 37, 35, 29]|[1, 2, 2, 2]|[1, 1, 1, 2]
783.jpg|[34]|[5]|[1]
784.jpg|[36, 38]|[1, 1]|[1, 1]
785.jpg|[37, 35]|[5, 5]|[1, 1]
786.jpg|[35]|[2]|[1]
787.jpg|[19]|[6]|[2]
788.jpg|[13]|[1]|[1]
789.jpg|[11, 3, 33, 9]|[1, 1, 4, 6]|[1, 1, 1, 2]
790.jpg|[35, 11]|[5, 5]|[1, 1]
791.jpg|[35, 11]|[5, 5]|[1, 1]
792.jpg|[40]|[6]|[1]
793.jpg|[33, 10, 2]|[4, 6, 6]|[1, 2, 2]
794.jpg|[11, 7, 35, 33]|[1, 3, 5, 5]|[1, 2, 1, 1]
795.jpg|[38, 14]|[1, 1]|[1, 1]
796.jpg|[34]|[3]|[1]
797.jpg|[32]|[6]|[2]
798.jpg|[34, 19]|[1, 6]|[1, 2]
799.jpg|[32]|[6]|[2]
800.jpg|[12, 33]|[1, 5]|[1, 1]
801.jpg|[36, 38, 28, 23, 30]|[1, 1, 2, 3, 3]|[1, 1, 2, 2, 2]
802.jpg|[11, 3, 33, 9]|[1, 1, 3, 6]|[1, 1, 2, 2]
803.jpg|[33]|[5]|[1]
804.jpg|[34]|[1]|[1]
805.jpg|[31]|[6]|[2]
806.jpg|[33]|[5]|[1]
807.jpg|[34]|[5]|[1]
808.jpg|[34]|[3]|[1]
809.jpg|[33]|[4]|[1]
810.jpg|[33]|[5]|[1]
811.jpg|[36, 38, 25]|[2, 2, 2]|[2, 2, 1]
812.jpg|[36, 38, 25]|[2, 2, 2]|[2, 1, 1]
813.jpg|[33]|[5]|[1]
814.jpg|[33]|[5]|[1]
815.jpg|[33]|[5]|[1]
816.jpg|[34]|[4]|[1]
817.jpg|[33, 11]|[5, 5]|[1, 1]
818.jpg|[25]|[2]|[1]
819.jpg|[33, 11, 3, 9]|[1, 1, 1, 6]|[1, 1, 1, 2]
820.jpg|[40]|[6]|[1]
821.jpg|[34, 40]|[5, 6]|[1, 1]
822.jpg|[33, 16]|[5, 6]|[1, 2]
823.jpg|[3, 10, 33]|[1, 6, 6]|[1, 2, 1]
824.jpg|[33]|[1]|[1]
825.jpg|[33]|[5]|[1]
826.jpg|[34]|[5]|[1]
827.jpg|[31]|[6]|[2]
828.jpg|[34]|[4]|[1]
829.jpg|[31]|[6]|[2]
830.jpg|[12]|[5]|[1]
831.jpg|[40]|[6]|[1]
832.jpg|[33]|[5]|[1]
833.jpg|[34]|[5]|[1]
834.jpg|[12, 3, 31]|[1, 1, 6]|[1, 1, 2]
835.jpg|[37, 13, 25]|[1, 1, 1]|[1, 1, 1]
836.jpg|[35, 37, 25]|[1, 1, 5]|[1, 1, 1]
837.jpg|[3, 12, 33, 10]|[1, 2, 2, 6]|[1, 1, 2, 2]
838.jpg|[25, 35]|[1, 1]|[1, 1]
839.jpg|[31]|[5]|[1]
840.jpg|[12, 33]|[1, 5]|[2, 2]
841.jpg|[34]|[5]|[2]
842.jpg|[3, 43, 31]|[1, 1, 6]|[1, 1, 2]
843.jpg|[33, 12]|[5, 5]|[1, 1]
844.jpg|[35]|[1]|[1]
845.jpg|[33]|[3]|[1]
846.jpg|[14, 38, 34, 40]|[1, 1, 5, 6]|[1, 1, 1, 1]
847.jpg|[33]|[5]|[1]
848.jpg|[31]|[6]|[2]
849.jpg|[33, 2]|[1, 6]|[1, 2]
850.jpg|[37]|[1]|[1]
851.jpg|[31]|[6]|[2]
852.jpg|[33]|[5]|[1]
853.jpg|[33, 9]|[4, 6]|[1, 2]
854.jpg|[36]|[1]|[1]
855.jpg|[21, 34]|[1, 4]|[1, 1]
856.jpg|[31]|[6]|[2]
857.jpg|[13]|[5]|[1]
858.jpg|[36, 12, 25, 16, 38]|[1, 1, 1, 3, 5]|[1, 1, 1, 2, 1]
859.jpg|[40]|[6]|[1]
860.jpg|[33, 24, 11, 3, 7, 9, 31]|[1, 1, 2, 2, 3, 6, 6]|[1, 1, 2, 2, 2, 2, 2]
861.jpg|[34]|[1]|[1]
862.jpg|[24, 31]|[1, 6]|[1, 2]
863.jpg|[31]|[6]|[2]
864.jpg|[31]|[6]|[2]
865.jpg|[11, 33]|[5, 5]|[1, 1]
866.jpg|[19]|[6]|[2]
867.jpg|[33]|[5]|[1]
868.jpg|[14, 20]|[1, 6]|[1, 2]
869.jpg|[12, 33, 10]|[1, 5, 6]|[1, 1, 2]
870.jpg|[33]|[4]|[1]
871.jpg|[3]|[1]|[1]
872.jpg|[32, 13]|[1, 2]|[1, 2]
873.jpg|[38]|[1]|[1]
874.jpg|[31]|[6]|[2]
875.jpg|[34]|[1]|[1]
876.jpg|[34]|[1]|[1]
877.jpg|[33]|[5]|[1]
878.jpg|[13]|[1]|[1]
879.jpg|[34]|[5]|[1]
880.jpg|[12]|[1]|[1]
881.jpg|[33]|[4]|[1]
882.jpg|[33, 11]|[5, 5]|[1, 1]
883.jpg|[38, 36, 25, 14]|[1, 1, 1, 5]|[1, 1, 1, 1]
884.jpg|[40]|[6]|[1]
885.jpg|[34]|[5]|[1]
886.jpg|[36, 38]|[1, 1]|[1, 1]
887.jpg|[33]|[3]|[2]
888.jpg|[3, 11, 9]|[1, 1, 6]|[1, 1, 1]
889.jpg|[14, 34, 20]|[1, 4, 6]|[1, 1, 2]
890.jpg|[33, 12, 10]|[1, 3, 5]|[1, 2, 1]
891.jpg|[33]|[5]|[1]
892.jpg|[40]|[6]|[1]
893.jpg|[34]|[6]|[1]
894.jpg|[21]|[1]|[1]
895.jpg|[13, 37]|[5, 5]|[1, 1]
896.jpg|[33]|[5]|[1]
897.jpg|[35, 27]|[1, 1]|[1, 1]
898.jpg|[20, 21]|[6, 6]|[2, 1]
899.jpg|[34]|[5]|[1]
900.jpg|[21, 34, 20]|[1, 1, 6]|[1, 1, 2]
901.jpg|[52]|[6]|[2]
902.jpg|[21, 34]|[1, 6]|[1, 1]
903.jpg|[33]|[1]|[1]
904.jpg|[38, 36]|[5, 5]|[1, 1]
905.jpg|[32]|[6]|[2]
906.jpg|[33, 12]|[1, 5]|[1, 1]
907.jpg|[36]|[1]|[1]
908.jpg|[34]|[1]|[1]
909.jpg|[31]|[6]|[2]
910.jpg|[31]|[6]|[2]
911.jpg|[27, 37, 35, 37]|[1, 1, 2, 2]|[1, 1, 2, 2]
912.jpg|[31]|[6]|[2]
913.jpg|[31]|[6]|[2]
914.jpg|[40]|[6]|[1]
915.jpg|[33]|[4]|[1]
916.jpg|[33, 9]|[4, 4]|[1, 2]
917.jpg|[20, 21]|[4, 5]|[2, 1]
918.jpg|[3, 39, 33, 10, 31]|[2, 3, 4, 4, 4]|[1, 2, 1, 2, 2]
919.jpg|[33]|[5]|[1]
920.jpg|[33]|[5]|[1]
921.jpg|[33]|[5]|[1]
922.jpg|[33]|[5]|[1]
923.jpg|[33, 12]|[1, 1]|[1, 1]
924.jpg|[12, 36, 40]|[1, 1, 6]|[1, 1, 1]
925.jpg|[33, 12, 10]|[1, 1, 6]|[1, 1, 2]
926.jpg|[12, 33, 3, 10]|[1, 1, 1, 6]|[1, 1, 1, 2]
927.jpg|[38]|[5]|[1]
928.jpg|[31]|[6]|[2]
929.jpg|[38]|[1]|[1]
930.jpg|[33]|[5]|[1]
931.jpg|[34]|[5]|[1]
932.jpg|[3, 11]|[1, 3]|[1, 1]
933.jpg|[33, 12]|[5, 5]|[1, 1]
934.jpg|[40]|[4]|[2]
935.jpg|[33]|[5]|[1]
936.jpg|[33]|[1]|[1]
937.jpg|[34]|[4]|[1]
938.jpg|[12, 33, 10]|[1, 6, 6]|[1, 1, 2]
939.jpg|[38, 14]|[1, 1]|[1, 1]
940.jpg|[31]|[6]|[2]
941.jpg|[33]|[4]|[1]
942.jpg|[14]|[5]|[1]
943.jpg|[11, 33, 9]|[1, 3, 6]|[1, 2, 2]
944.jpg|[35, 11, 40]|[1, 1, 6]|[1, 1, 1]
945.jpg|[14, 34, 20]|[1, 5, 6]|[1, 1, 2]
946.jpg|[31]|[6]|[2]
947.jpg|[40]|[6]|[1]
948.jpg|[3, 39, 33, 10, 1]|[1, 1, 4, 6, 6]|[1, 1, 1, 2, 2]
949.jpg|[12]|[4]|[1]
950.jpg|[31]|[6]|[2]
951.jpg|[3, 35, 11, 33, 9]|[1, 1, 2, 3, 6]|[1, 1, 1, 1, 2]
952.jpg|[33]|[5]|[1]
953.jpg|[33]|[6]|[1]
954.jpg|[3, 33]|[1, 6]|[1, 2]
955.jpg|[20]|[6]|[2]
956.jpg|[20]|[6]|[2]
957.jpg|[11, 3, 33, 10, 1]|[1, 1, 4, 6, 6]|[1, 1, 1, 2, 2]
958.jpg|[31, 33]|[3, 6]|[2, 2]
959.jpg|[9]|[6]|[2]
960.jpg|[36]|[1]|[1]
961.jpg|[25]|[1]|[1]
962.jpg|[25]|[1]|[1]
963.jpg|[37, 27, 25]|[1, 1, 1]|[1, 1, 1]
964.jpg|[13, 34, 20]|[2, 4, 6]|[1, 1, 2]
965.jpg|[33]|[5]|[1]
966.jpg|[31]|[6]|[2]
967.jpg|[12]|[1]|[1]
968.jpg|[14]|[1]|[1]
969.jpg|[33]|[5]|[1]
970.jpg|[11, 15, 35]|[1, 3, 5]|[1, 2, 1]
971.jpg|[13, 37, 22]|[1, 4, 6]|[1, 1, 1]
972.jpg|[13]|[5]|[1]
973.jpg|[34]|[4]|[1]
974.jpg|[19]|[6]|[2]
975.jpg|[33]|[5]|[1]
976.jpg|[11, 35, 25]|[1, 1, 1]|[1, 1, 1]
977.jpg|[13, 19]|[1, 6]|[1, 2]
978.jpg|[13, 37]|[5, 5]|[1, 1]
979.jpg|[14]|[5]|[1]
980.jpg|[14, 32]|[1, 6]|[1, 1]
981.jpg|[39, 33, 3, 11, 9]|[1, 2, 2, 2, 6]|[2, 2, 2, 2, 2]
982.jpg|[33]|[5]|[1]
983.jpg|[20]|[6]|[2]
984.jpg|[40]|[6]|[1]
985.jpg|[33]|[5]|[1]
986.jpg|[34]|[1]|[1]
987.jpg|[32]|[6]|[2]
988.jpg|[33]|[6]|[2]
989.jpg|[33]|[1]|[2]
990.jpg|[50]|[6]|[2]
991.jpg|[34]|[5]|[2]
992.jpg|[38]|[1]|[1]
993.jpg|[33]|[5]|[1]
994.jpg|[33]|[6]|[1]
995.jpg|[9]|[6]|[2]
996.jpg|[33, 31]|[3, 6]|[2, 2]
997.jpg|[13]|[1]|[1]
998.jpg|[35]|[1]|[1]
999.jpg|[33]|[5]|[1]
1000.jpg|[33]|[5]|[1]
1001.jpg|[21, 34, 20]|[1, 4, 6]|[1, 1, 2]
1002.jpg|[11]|[1]|[1]
1003.jpg|[33, 9]|[3, 5]|[2, 2]
1004.jpg|[19, 34]|[4, 5]|[2, 1]
1005.jpg|[34]|[1]|[1]
1006.jpg|[13]|[5]|[1]
1007.jpg|[38]|[1]|[1]
1008.jpg|[34]|[3]|[2]
1009.jpg|[33]|[5]|[1]
1010.jpg|[9]|[6]|[2]
1011.jpg|[33]|[5]|[1]
1012.jpg|[33]|[5]|[1]
1013.jpg|[25]|[1]|[1]
1014.jpg|[33, 17]|[5, 6]|[1, 2]
1015.jpg|[34, 21]|[1, 1]|[1, 1]
1016.jpg|[34]|[5]|[1]
1017.jpg|[14, 21, 34, 20]|[1, 1, 3, 6]|[1, 1, 2, 2]
1018.jpg|[14]|[5]|[1]
1019.jpg|[14]|[5]|[1]
1020.jpg|[31]|[6]|[2]
1021.jpg|[34]|[6]|[1]
1022.jpg|[14]|[2]|[1]
1023.jpg|[40]|[6]|[2]
1024.jpg|[36]|[1]|[1]
1025.jpg|[31]|[6]|[2]
1026.jpg|[14]|[1]|[1]
1027.jpg|[31]|[6]|[2]
1028.jpg|[13]|[1]|[1]
1029.jpg|[33, 9]|[5, 6]|[1, 2]
1030.jpg|[33]|[5]|[1]
1031.jpg|[40]|[6]|[2]
1032.jpg|[46]|[6]|[2]
1033.jpg|[33, 11, 9, 40]|[1, 1, 6, 6]|[1, 1, 2, 2]
1034.jpg|[11, 10]|[2, 6]|[1, 2]
1035.jpg|[12, 10]|[1, 6]|[1, 2]
1036.jpg|[40]|[6]|[1]
1037.jpg|[32]|[6]|[2]
1038.jpg|[12, 33, 10]|[2, 6, 6]|[1, 2, 2]
1039.jpg|[34]|[5]|[1]
1040.jpg|[36, 12, 25]|[1, 1, 6]|[1, 1, 1]
1041.jpg|[31]|[6]|[2]
1042.jpg|[40]|[6]|[1]
1043.jpg|[33]|[5]|[1]
1044.jpg|[14, 20]|[1, 6]|[1, 2]
1045.jpg|[34]|[1]|[1]
1046.jpg|[11, 7, 15]|[1, 6, 6]|[1, 2, 2]
1047.jpg|[34]|[5]|[1]
1048.jpg|[12, 25, 36, 40]|[1, 1, 3, 6]|[1, 1, 2, 1]
1049.jpg|[31]|[6]|[2]
1050.jpg|[40]|[6]|[1]
1051.jpg|[34]|[5]|[1]
1052.jpg|[34, 21, 20]|[1, 1, 6]|[1, 1, 2]
1053.jpg|[33]|[5]|[1]
1054.jpg|[36, 3, 8, 52]|[1, 2, 6, 6]|[1, 2, 2, 2]
1055.jpg|[36, 38]|[1, 2]|[1, 2]
1056.jpg|[3, 33]|[1, 3]|[1, 2]
1057.jpg|[33, 16]|[1, 6]|[1, 2]
1058.jpg|[31]|[6]|[2]
1059.jpg|[31]|[6]|[2]
1060.jpg|[38]|[5]|[1]
1061.jpg|[33]|[5]|[1]
1062.jpg|[39, 33, 9, 10, 31]|[3, 6, 6, 6, 6]|[1, 1, 2, 2, 2]
1063.jpg|[31]|[6]|[2]
1064.jpg|[34]|[5]|[1]
1065.jpg|[33]|[5]|[1]
1066.jpg|[43, 24, 31]|[1, 1, 6]|[1, 1, 2]
1067.jpg|[31]|[6]|[2]
1068.jpg|[11, 27]|[1, 3]|[1, 2]
1069.jpg|[33, 9]|[1, 6]|[1, 2]
1070.jpg|[33]|[5]|[1]
1071.jpg|[19]|[6]|[2]
1072.jpg|[31]|[6]|[2]
1073.jpg|[33]|[5]|[1]
1074.jpg|[12, 10]|[2, 6]|[2, 2]
1075.jpg|[12, 36]|[5, 5]|[1, 1]
1076.jpg|[40]|[6]|[1]
1077.jpg|[31]|[6]|[2]
1078.jpg|[40]|[6]|[1]
1079.jpg|[34, 19]|[5, 6]|[1, 2]
1080.jpg|[34]|[1]|[1]
1081.jpg|[33]|[5]|[1]
1082.jpg|[3, 33, 12, 10]|[1, 2, 2, 6]|[1, 1, 1, 2]
1083.jpg|[34, 14]|[5, 5]|[1, 1]
1084.jpg|[19]|[6]|[2]
1085.jpg|[33]|[5]|[1]
1086.jpg|[12, 33, 10]|[1, 1, 6]|[1, 1, 2]
1087.jpg|[31]|[6]|[2]
1088.jpg|[12, 33, 10]|[2, 3, 6]|[1, 2, 2]
1089.jpg|[9, 33]|[6, 6]|[2, 1]
1090.jpg|[34]|[1]|[1]
1091.jpg|[33]|[5]|[1]
1092.jpg|[33]|[5]|[1]
1093.jpg|[33]|[5]|[1]
1094.jpg|[12]|[5]|[1]
1095.jpg|[47]|[6]|[2]
1096.jpg|[3, 9]|[1, 6]|[1, 2]
1097.jpg|[33]|[5]|[1]
1098.jpg|[31]|[6]|[2]
1099.jpg|[25, 38, 36]|[1, 1, 2]|[1, 1, 2]
1100.jpg|[33, 12, 10]|[1, 1, 6]|[1, 1, 2]
1101.jpg|[32]|[6]|[2]
1102.jpg|[33, 32, 9, 11]|[3, 6, 6, 6]|[2, 2, 2, 2]
1103.jpg|[31]|[6]|[2]
1104.jpg|[31]|[6]|[2]
1105.jpg|[34, 20]|[5, 6]|[1, 2]
1106.jpg|[9]|[6]|[2]
1107.jpg|[33]|[5]|[1]
1108.jpg|[12, 36, 40, 33]|[1, 1, 3, 3]|[1, 1, 2, 2]
1109.jpg|[9, 33]|[6, 6]|[2, 1]
1110.jpg|[13, 34]|[1, 4]|[1, 1]
1111.jpg|[34]|[1]|[1]
1112.jpg|[12, 33, 10]|[1, 3, 6]|[1, 1, 2]
1113.jpg|[34]|[5]|[1]
1114.jpg|[9, 33]|[6, 6]|[2, 1]
1115.jpg|[33]|[5]|[1]
1116.jpg|[33, 10]|[5, 6]|[1, 2]
1117.jpg|[33, 9]|[5, 6]|[1, 2]
1118.jpg|[12, 38]|[5, 5]|[1, 1]
1119.jpg|[33]|[1]|[1]
1120.jpg|[33]|[1]|[1]
1121.jpg|[12, 12]|[1, 1]|[1, 1]
1122.jpg|[34]|[1]|[1]
1123.jpg|[34]|[1]|[1]
1124.jpg|[9, 33]|[6, 6]|[2, 1]
1125.jpg|[11, 35]|[5, 5]|[1, 1]
1126.jpg|[43, 24]|[1, 1]|[1, 1]
1127.jpg|[11, 11, 33]|[1, 1, 5]|[1, 1, 1]
1128.jpg|[11]|[5]|[1]
1129.jpg|[35]|[1]|[1]
1130.jpg|[34]|[5]|[1]
1131.jpg|[14]|[1]|[1]
1132.jpg|[33]|[5]|[1]
1133.jpg|[21]|[1]|[1]
1134.jpg|[40]|[6]|[1]
1135.jpg|[33]|[4]|[1]
1136.jpg|[14, 38, 25]|[1, 2, 2]|[1, 2, 1]
1137.jpg|[14]|[5]|[1]
1138.jpg|[34]|[5]|[1]
1139.jpg|[21]|[1]|[1]
1140.jpg|[9, 33]|[6, 6]|[2, 1]
1141.jpg|[45]|[6]|[2]
1142.jpg|[40]|[6]|[1]
1143.jpg|[34, 13]|[6, 6]|[1, 1]
1144.jpg|[37, 35]|[1, 1]|[1, 1]
1145.jpg|[35, 11, 31]|[1, 2, 6]|[1, 1, 2]
